{
  "good": {
    "precision": 0.9787234042553191,
    "recall": 1.0,
    "f1-score": 0.989247311827957,
    "support": 46.0
  },
  "defective": {
    "precision": 1.0,
    "recall": 0.9230769230769231,
    "f1-score": 0.96,
    "support": 13.0
  },
  "accuracy": 0.9830508474576272,
  "macro avg": {
    "precision": 0.9893617021276595,
    "recall": 0.9615384615384616,
    "f1-score": 0.9746236559139785,
    "support": 59.0
  },
  "weighted avg": {
    "precision": 0.9834114677244861,
    "recall": 0.9830508474576272,
    "f1-score": 0.9828029888828139,
    "support": 59.0
  }
}