{
  "good": {
    "precision": 0.9883720930232558,
    "recall": 0.9770114942528736,
    "f1-score": 0.9826589595375722,
    "support": 87.0
  },
  "defective": {
    "precision": 0.8666666666666667,
    "recall": 0.9285714285714286,
    "f1-score": 0.896551724137931,
    "support": 14.0
  },
  "accuracy": 0.9702970297029703,
  "macro avg": {
    "precision": 0.9275193798449612,
    "recall": 0.9527914614121511,
    "f1-score": 0.9396053418377517,
    "support": 101.0
  },
  "weighted avg": {
    "precision": 0.9715020339243227,
    "recall": 0.9702970297029703,
    "f1-score": 0.9707233031455427,
    "support": 101.0
  }
}