{
  "good": {
    "precision": 0.9775280898876404,
    "recall": 1.0,
    "f1-score": 0.9886363636363636,
    "support": 87.0
  },
  "defective": {
    "precision": 1.0,
    "recall": 0.8571428571428571,
    "f1-score": 0.9230769230769231,
    "support": 14.0
  },
  "accuracy": 0.9801980198019802,
  "macro avg": {
    "precision": 0.9887640449438202,
    "recall": 0.9285714285714286,
    "f1-score": 0.9558566433566433,
    "support": 101.0
  },
  "weighted avg": {
    "precision": 0.9806430081210368,
    "recall": 0.9801980198019802,
    "f1-score": 0.9795489164301046,
    "support": 101.0
  }
}